accession,status,fasta,size_bytes,message
GCA_002885105.1,ok,/fh/fast/hill_g/Albert/Collaboration-Microbiome/blast_results/Akkermansia_muciniphila/GCA_002885105.1/GCA_002885105.1_genomic.fna,2732236,
GCA_002885195.1,ok,/fh/fast/hill_g/Albert/Collaboration-Microbiome/blast_results/Akkermansia_muciniphila/GCA_002885195.1/GCA_002885195.1_genomic.fna,2785607,
GCA_002884995.1,ok,/fh/fast/hill_g/Albert/Collaboration-Microbiome/blast_results/Akkermansia_muciniphila/GCA_002884995.1/GCA_002884995.1_genomic.fna,3230639,
GCA_002885235.1,ok,/fh/fast/hill_g/Albert/Collaboration-Microbiome/blast_results/Akkermansia_muciniphila/GCA_002885235.1/GCA_002885235.1_genomic.fna,2880566,
GCA_002885135.1,ok,/fh/fast/hill_g/Albert/Collaboration-Microbiome/blast_results/Akkermansia_muciniphila/GCA_002885135.1/GCA_002885135.1_genomic.fna,2694885,
GCA_002885265.1,ok,/fh/fast/hill_g/Albert/Collaboration-Microbiome/blast_results/Akkermansia_muciniphila/GCA_002885265.1/GCA_002885265.1_genomic.fna,2797066,
GCA_002885295.1,ok,/fh/fast/hill_g/Albert/Collaboration-Microbiome/blast_results/Akkermansia_muciniphila/GCA_002885295.1/GCA_002885295.1_genomic.fna,2898244,
GCA_002885215.1,ok,/fh/fast/hill_g/Albert/Collaboration-Microbiome/blast_results/Akkermansia_muciniphila/GCA_002885215.1/GCA_002885215.1_genomic.fna,2789403,
GCA_002885355.1,ok,/fh/fast/hill_g/Albert/Collaboration-Microbiome/blast_results/Akkermansia_muciniphila/GCA_002885355.1/GCA_002885355.1_genomic.fna,2895935,
GCA_002885165.1,ok,/fh/fast/hill_g/Albert/Collaboration-Microbiome/blast_results/Akkermansia_muciniphila/GCA_002885165.1/GCA_002885165.1_genomic.fna,2806204,
GCA_002885395.1,ok,/fh/fast/hill_g/Albert/Collaboration-Microbiome/blast_results/Akkermansia_muciniphila/GCA_002885395.1/GCA_002885395.1_genomic.fna,2826749,
GCA_002885255.1,ok,/fh/fast/hill_g/Albert/Collaboration-Microbiome/blast_results/Akkermansia_muciniphila/GCA_002885255.1/GCA_002885255.1_genomic.fna,2861461,
GCA_002884915.1,ok,/fh/fast/hill_g/Albert/Collaboration-Microbiome/blast_results/Akkermansia_muciniphila/GCA_002884915.1/GCA_002884915.1_genomic.fna,3047976,
GCA_002884975.1,ok,/fh/fast/hill_g/Albert/Collaboration-Microbiome/blast_results/Akkermansia_muciniphila/GCA_002884975.1/GCA_002884975.1_genomic.fna,2939059,
GCA_002885465.1,ok,/fh/fast/hill_g/Albert/Collaboration-Microbiome/blast_results/Akkermansia_muciniphila/GCA_002885465.1/GCA_002885465.1_genomic.fna,2714452,
GCA_002885015.1,ok,/fh/fast/hill_g/Albert/Collaboration-Microbiome/blast_results/Akkermansia_muciniphila/GCA_002885015.1/GCA_002885015.1_genomic.fna,3154620,
GCA_002885095.1,ok,/fh/fast/hill_g/Albert/Collaboration-Microbiome/blast_results/Akkermansia_muciniphila/GCA_002885095.1/GCA_002885095.1_genomic.fna,3136943,
GCA_002885025.1,ok,/fh/fast/hill_g/Albert/Collaboration-Microbiome/blast_results/Akkermansia_muciniphila/GCA_002885025.1/GCA_002885025.1_genomic.fna,3208952,
GCA_002885425.1,ok,/fh/fast/hill_g/Albert/Collaboration-Microbiome/blast_results/Akkermansia_muciniphila/GCA_002885425.1/GCA_002885425.1_genomic.fna,2743729,
GCA_002885415.1,ok,/fh/fast/hill_g/Albert/Collaboration-Microbiome/blast_results/Akkermansia_muciniphila/GCA_002885415.1/GCA_002885415.1_genomic.fna,2707500,
GCA_002885515.1,ok,/fh/fast/hill_g/Albert/Collaboration-Microbiome/blast_results/Akkermansia_muciniphila/GCA_002885515.1/GCA_002885515.1_genomic.fna,3238986,
GCA_002885675.1,ok,/fh/fast/hill_g/Albert/Collaboration-Microbiome/blast_results/Akkermansia_muciniphila/GCA_002885675.1/GCA_002885675.1_genomic.fna,2826694,
GCA_002885575.1,ok,/fh/fast/hill_g/Albert/Collaboration-Microbiome/blast_results/Akkermansia_muciniphila/GCA_002885575.1/GCA_002885575.1_genomic.fna,2921508,
GCA_002885375.1,ok,/fh/fast/hill_g/Albert/Collaboration-Microbiome/blast_results/Akkermansia_muciniphila/GCA_002885375.1/GCA_002885375.1_genomic.fna,2857452,
GCA_002885055.1,ok,/fh/fast/hill_g/Albert/Collaboration-Microbiome/blast_results/Akkermansia_muciniphila/GCA_002885055.1/GCA_002885055.1_genomic.fna,3217978,
GCA_002885155.1,ok,/fh/fast/hill_g/Albert/Collaboration-Microbiome/blast_results/Akkermansia_muciniphila/GCA_002885155.1/GCA_002885155.1_genomic.fna,2831553,
GCA_004015025.1,ok,/fh/fast/hill_g/Albert/Collaboration-Microbiome/blast_results/Akkermansia_muciniphila/GCA_004015025.1/GCA_004015025.1_genomic.fna,2798947,
GCA_002885315.1,ok,/fh/fast/hill_g/Albert/Collaboration-Microbiome/blast_results/Akkermansia_muciniphila/GCA_002885315.1/GCA_002885315.1_genomic.fna,2755257,
GCA_002885695.1,ok,/fh/fast/hill_g/Albert/Collaboration-Microbiome/blast_results/Akkermansia_muciniphila/GCA_002885695.1/GCA_002885695.1_genomic.fna,2755268,
GCA_004015045.1,ok,/fh/fast/hill_g/Albert/Collaboration-Microbiome/blast_results/Akkermansia_muciniphila/GCA_004015045.1/GCA_004015045.1_genomic.fna,2798933,
GCA_004015105.1,ok,/fh/fast/hill_g/Albert/Collaboration-Microbiome/blast_results/Akkermansia_muciniphila/GCA_004015105.1/GCA_004015105.1_genomic.fna,2758384,
GCA_004015005.1,ok,/fh/fast/hill_g/Albert/Collaboration-Microbiome/blast_results/Akkermansia_muciniphila/GCA_004015005.1/GCA_004015005.1_genomic.fna,2798464,
GCA_002885615.1,ok,/fh/fast/hill_g/Albert/Collaboration-Microbiome/blast_results/Akkermansia_muciniphila/GCA_002885615.1/GCA_002885615.1_genomic.fna,2806761,
GCA_002885535.1,ok,/fh/fast/hill_g/Albert/Collaboration-Microbiome/blast_results/Akkermansia_muciniphila/GCA_002885535.1/GCA_002885535.1_genomic.fna,3184403,
GCA_004015285.1,ok,/fh/fast/hill_g/Albert/Collaboration-Microbiome/blast_results/Akkermansia_muciniphila/GCA_004015285.1/GCA_004015285.1_genomic.fna,2798597,
GCA_004015225.1,ok,/fh/fast/hill_g/Albert/Collaboration-Microbiome/blast_results/Akkermansia_muciniphila/GCA_004015225.1/GCA_004015225.1_genomic.fna,2804855,
GCA_004015125.1,ok,/fh/fast/hill_g/Albert/Collaboration-Microbiome/blast_results/Akkermansia_muciniphila/GCA_004015125.1/GCA_004015125.1_genomic.fna,2758296,
GCA_004101765.1,ok,/fh/fast/hill_g/Albert/Collaboration-Microbiome/blast_results/Akkermansia_muciniphila/GCA_004101765.1/GCA_004101765.1_genomic.fna,2855251,
GCA_004015305.1,ok,/fh/fast/hill_g/Albert/Collaboration-Microbiome/blast_results/Akkermansia_muciniphila/GCA_004015305.1/GCA_004015305.1_genomic.fna,2804807,
GCA_004015245.1,ok,/fh/fast/hill_g/Albert/Collaboration-Microbiome/blast_results/Akkermansia_muciniphila/GCA_004015245.1/GCA_004015245.1_genomic.fna,2834505,
GCA_004104435.1,ok,/fh/fast/hill_g/Albert/Collaboration-Microbiome/blast_results/Akkermansia_muciniphila/GCA_004104435.1/GCA_004104435.1_genomic.fna,2896242,
GCA_002885595.1,ok,/fh/fast/hill_g/Albert/Collaboration-Microbiome/blast_results/Akkermansia_muciniphila/GCA_002885595.1/GCA_002885595.1_genomic.fna,2883453,
GCA_004015065.1,ok,/fh/fast/hill_g/Albert/Collaboration-Microbiome/blast_results/Akkermansia_muciniphila/GCA_004015065.1/GCA_004015065.1_genomic.fna,2798823,
GCA_004168105.1,ok,/fh/fast/hill_g/Albert/Collaboration-Microbiome/blast_results/Akkermansia_muciniphila/GCA_004168105.1/GCA_004168105.1_genomic.fna,2810858,
GCA_008422635.1,ok,/fh/fast/hill_g/Albert/Collaboration-Microbiome/blast_results/Akkermansia_muciniphila/GCA_008422635.1/GCA_008422635.1_genomic.fna,2788096,
GCA_002885625.1,ok,/fh/fast/hill_g/Albert/Collaboration-Microbiome/blast_results/Akkermansia_muciniphila/GCA_002885625.1/GCA_002885625.1_genomic.fna,2823053,
GCA_004015205.1,ok,/fh/fast/hill_g/Albert/Collaboration-Microbiome/blast_results/Akkermansia_muciniphila/GCA_004015205.1/GCA_004015205.1_genomic.fna,2804781,
GCA_008000975.1,ok,/fh/fast/hill_g/Albert/Collaboration-Microbiome/blast_results/Akkermansia_muciniphila/GCA_008000975.1/GCA_008000975.1_genomic.fna,2697425,
GCA_008422685.1,ok,/fh/fast/hill_g/Albert/Collaboration-Microbiome/blast_results/Akkermansia_muciniphila/GCA_008422685.1/GCA_008422685.1_genomic.fna,2793021,
GCA_008422705.1,ok,/fh/fast/hill_g/Albert/Collaboration-Microbiome/blast_results/Akkermansia_muciniphila/GCA_008422705.1/GCA_008422705.1_genomic.fna,2828433,
GCA_008422765.1,ok,/fh/fast/hill_g/Albert/Collaboration-Microbiome/blast_results/Akkermansia_muciniphila/GCA_008422765.1/GCA_008422765.1_genomic.fna,2791004,
GCA_008422715.1,ok,/fh/fast/hill_g/Albert/Collaboration-Microbiome/blast_results/Akkermansia_muciniphila/GCA_008422715.1/GCA_008422715.1_genomic.fna,2789007,
GCA_008422665.1,ok,/fh/fast/hill_g/Albert/Collaboration-Microbiome/blast_results/Akkermansia_muciniphila/GCA_008422665.1/GCA_008422665.1_genomic.fna,2788763,
GCA_008422795.1,ok,/fh/fast/hill_g/Albert/Collaboration-Microbiome/blast_results/Akkermansia_muciniphila/GCA_008422795.1/GCA_008422795.1_genomic.fna,2789504,
GCA_004015265.1,ok,/fh/fast/hill_g/Albert/Collaboration-Microbiome/blast_results/Akkermansia_muciniphila/GCA_004015265.1/GCA_004015265.1_genomic.fna,2859423,
GCA_004015085.1,ok,/fh/fast/hill_g/Albert/Collaboration-Microbiome/blast_results/Akkermansia_muciniphila/GCA_004015085.1/GCA_004015085.1_genomic.fna,2804833,
GCA_008422695.1,ok,/fh/fast/hill_g/Albert/Collaboration-Microbiome/blast_results/Akkermansia_muciniphila/GCA_008422695.1/GCA_008422695.1_genomic.fna,2789075,
GCA_008422815.1,ok,/fh/fast/hill_g/Albert/Collaboration-Microbiome/blast_results/Akkermansia_muciniphila/GCA_008422815.1/GCA_008422815.1_genomic.fna,2789031,
GCA_008422865.1,ok,/fh/fast/hill_g/Albert/Collaboration-Microbiome/blast_results/Akkermansia_muciniphila/GCA_008422865.1/GCA_008422865.1_genomic.fna,2789570,
GCA_008422615.1,ok,/fh/fast/hill_g/Albert/Collaboration-Microbiome/blast_results/Akkermansia_muciniphila/GCA_008422615.1/GCA_008422615.1_genomic.fna,2787844,
GCA_004015345.1,ok,/fh/fast/hill_g/Albert/Collaboration-Microbiome/blast_results/Akkermansia_muciniphila/GCA_004015345.1/GCA_004015345.1_genomic.fna,2758288,
GCA_002885655.1,ok,/fh/fast/hill_g/Albert/Collaboration-Microbiome/blast_results/Akkermansia_muciniphila/GCA_002885655.1/GCA_002885655.1_genomic.fna,2876156,
GCA_008422775.1,ok,/fh/fast/hill_g/Albert/Collaboration-Microbiome/blast_results/Akkermansia_muciniphila/GCA_008422775.1/GCA_008422775.1_genomic.fna,2789857,
GCA_008422885.1,ok,/fh/fast/hill_g/Albert/Collaboration-Microbiome/blast_results/Akkermansia_muciniphila/GCA_008422885.1/GCA_008422885.1_genomic.fna,2953631,
GCA_008422895.1,ok,/fh/fast/hill_g/Albert/Collaboration-Microbiome/blast_results/Akkermansia_muciniphila/GCA_008422895.1/GCA_008422895.1_genomic.fna,2789647,
GCA_008423095.1,ok,/fh/fast/hill_g/Albert/Collaboration-Microbiome/blast_results/Akkermansia_muciniphila/GCA_008423095.1/GCA_008423095.1_genomic.fna,2788435,
GCA_008422925.1,ok,/fh/fast/hill_g/Albert/Collaboration-Microbiome/blast_results/Akkermansia_muciniphila/GCA_008422925.1/GCA_008422925.1_genomic.fna,2788692,
GCA_008423065.1,ok,/fh/fast/hill_g/Albert/Collaboration-Microbiome/blast_results/Akkermansia_muciniphila/GCA_008423065.1/GCA_008423065.1_genomic.fna,2789173,
GCA_008422965.1,ok,/fh/fast/hill_g/Albert/Collaboration-Microbiome/blast_results/Akkermansia_muciniphila/GCA_008422965.1/GCA_008422965.1_genomic.fna,2788702,
GCA_008422995.1,ok,/fh/fast/hill_g/Albert/Collaboration-Microbiome/blast_results/Akkermansia_muciniphila/GCA_008422995.1/GCA_008422995.1_genomic.fna,2813969,
GCA_008422875.1,ok,/fh/fast/hill_g/Albert/Collaboration-Microbiome/blast_results/Akkermansia_muciniphila/GCA_008422875.1/GCA_008422875.1_genomic.fna,2789438,
GCA_008423215.1,ok,/fh/fast/hill_g/Albert/Collaboration-Microbiome/blast_results/Akkermansia_muciniphila/GCA_008423215.1/GCA_008423215.1_genomic.fna,2823430,
GCA_008423115.1,ok,/fh/fast/hill_g/Albert/Collaboration-Microbiome/blast_results/Akkermansia_muciniphila/GCA_008423115.1/GCA_008423115.1_genomic.fna,2788738,
GCA_008423035.1,ok,/fh/fast/hill_g/Albert/Collaboration-Microbiome/blast_results/Akkermansia_muciniphila/GCA_008423035.1/GCA_008423035.1_genomic.fna,2816517,
GCA_008423015.1,ok,/fh/fast/hill_g/Albert/Collaboration-Microbiome/blast_results/Akkermansia_muciniphila/GCA_008423015.1/GCA_008423015.1_genomic.fna,2789296,
GCA_008423275.1,ok,/fh/fast/hill_g/Albert/Collaboration-Microbiome/blast_results/Akkermansia_muciniphila/GCA_008423275.1/GCA_008423275.1_genomic.fna,2820281,
GCA_008422805.1,ok,/fh/fast/hill_g/Albert/Collaboration-Microbiome/blast_results/Akkermansia_muciniphila/GCA_008422805.1/GCA_008422805.1_genomic.fna,2789320,
GCA_008423135.1,ok,/fh/fast/hill_g/Albert/Collaboration-Microbiome/blast_results/Akkermansia_muciniphila/GCA_008423135.1/GCA_008423135.1_genomic.fna,2798629,
GCA_008423175.1,ok,/fh/fast/hill_g/Albert/Collaboration-Microbiome/blast_results/Akkermansia_muciniphila/GCA_008423175.1/GCA_008423175.1_genomic.fna,3203400,
GCA_008423085.1,ok,/fh/fast/hill_g/Albert/Collaboration-Microbiome/blast_results/Akkermansia_muciniphila/GCA_008423085.1/GCA_008423085.1_genomic.fna,3162166,
GCA_008422985.1,ok,/fh/fast/hill_g/Albert/Collaboration-Microbiome/blast_results/Akkermansia_muciniphila/GCA_008422985.1/GCA_008422985.1_genomic.fna,2788856,
GCA_008423335.1,ok,/fh/fast/hill_g/Albert/Collaboration-Microbiome/blast_results/Akkermansia_muciniphila/GCA_008423335.1/GCA_008423335.1_genomic.fna,2790651,
GCA_008423295.1,ok,/fh/fast/hill_g/Albert/Collaboration-Microbiome/blast_results/Akkermansia_muciniphila/GCA_008423295.1/GCA_008423295.1_genomic.fna,3029407,
GCA_008423375.1,ok,/fh/fast/hill_g/Albert/Collaboration-Microbiome/blast_results/Akkermansia_muciniphila/GCA_008423375.1/GCA_008423375.1_genomic.fna,2987147,
GCA_008671835.1,ok,/fh/fast/hill_g/Albert/Collaboration-Microbiome/blast_results/Akkermansia_muciniphila/GCA_008671835.1/GCA_008671835.1_genomic.fna,2629799,
GCA_008423245.1,ok,/fh/fast/hill_g/Albert/Collaboration-Microbiome/blast_results/Akkermansia_muciniphila/GCA_008423245.1/GCA_008423245.1_genomic.fna,2921112,
GCA_004015325.1,ok,/fh/fast/hill_g/Albert/Collaboration-Microbiome/blast_results/Akkermansia_muciniphila/GCA_004015325.1/GCA_004015325.1_genomic.fna,2758321,
GCA_008672035.1,ok,/fh/fast/hill_g/Albert/Collaboration-Microbiome/blast_results/Akkermansia_muciniphila/GCA_008672035.1/GCA_008672035.1_genomic.fna,2634223,
GCA_009731575.1,ok,/fh/fast/hill_g/Albert/Collaboration-Microbiome/blast_results/Akkermansia_muciniphila/GCA_009731575.1/GCA_009731575.1_genomic.fna,2914593,
GCA_008423445.1,ok,/fh/fast/hill_g/Albert/Collaboration-Microbiome/blast_results/Akkermansia_muciniphila/GCA_008423445.1/GCA_008423445.1_genomic.fna,2796326,
GCA_008423455.1,ok,/fh/fast/hill_g/Albert/Collaboration-Microbiome/blast_results/Akkermansia_muciniphila/GCA_008423455.1/GCA_008423455.1_genomic.fna,2794216,
GCA_008423365.1,ok,/fh/fast/hill_g/Albert/Collaboration-Microbiome/blast_results/Akkermansia_muciniphila/GCA_008423365.1/GCA_008423365.1_genomic.fna,2799501,
GCA_008423405.1,ok,/fh/fast/hill_g/Albert/Collaboration-Microbiome/blast_results/Akkermansia_muciniphila/GCA_008423405.1/GCA_008423405.1_genomic.fna,2793707,
GCA_014848715.1,ok,/fh/fast/hill_g/Albert/Collaboration-Microbiome/blast_results/Akkermansia_muciniphila/GCA_014848715.1/GCA_014848715.1_genomic.fna,2939234,
GCA_014848885.1,ok,/fh/fast/hill_g/Albert/Collaboration-Microbiome/blast_results/Akkermansia_muciniphila/GCA_014848885.1/GCA_014848885.1_genomic.fna,3095189,
GCA_010231335.1,ok,/fh/fast/hill_g/Albert/Collaboration-Microbiome/blast_results/Akkermansia_muciniphila/GCA_010231335.1/GCA_010231335.1_genomic.fna,3196102,
GCA_008423185.1,ok,/fh/fast/hill_g/Albert/Collaboration-Microbiome/blast_results/Akkermansia_muciniphila/GCA_008423185.1/GCA_008423185.1_genomic.fna,2812359,
GCA_008423325.1,ok,/fh/fast/hill_g/Albert/Collaboration-Microbiome/blast_results/Akkermansia_muciniphila/GCA_008423325.1/GCA_008423325.1_genomic.fna,2793222,
GCA_014872035.1,ok,/fh/fast/hill_g/Albert/Collaboration-Microbiome/blast_results/Akkermansia_muciniphila/GCA_014872035.1/GCA_014872035.1_genomic.fna,2855363,
GCA_014871965.1,ok,/fh/fast/hill_g/Albert/Collaboration-Microbiome/blast_results/Akkermansia_muciniphila/GCA_014871965.1/GCA_014871965.1_genomic.fna,2854184,
GCA_008423265.1,ok,/fh/fast/hill_g/Albert/Collaboration-Microbiome/blast_results/Akkermansia_muciniphila/GCA_008423265.1/GCA_008423265.1_genomic.fna,2925824,
GCA_014872065.1,ok,/fh/fast/hill_g/Albert/Collaboration-Microbiome/blast_results/Akkermansia_muciniphila/GCA_014872065.1/GCA_014872065.1_genomic.fna,2880578,
GCA_014871995.1,ok,/fh/fast/hill_g/Albert/Collaboration-Microbiome/blast_results/Akkermansia_muciniphila/GCA_014871995.1/GCA_014871995.1_genomic.fna,2761219,
GCA_014872005.1,ok,/fh/fast/hill_g/Albert/Collaboration-Microbiome/blast_results/Akkermansia_muciniphila/GCA_014872005.1/GCA_014872005.1_genomic.fna,2672323,
GCA_008672205.1,ok,/fh/fast/hill_g/Albert/Collaboration-Microbiome/blast_results/Akkermansia_muciniphila/GCA_008672205.1/GCA_008672205.1_genomic.fna,2643020,
GCA_014872105.1,ok,/fh/fast/hill_g/Albert/Collaboration-Microbiome/blast_results/Akkermansia_muciniphila/GCA_014872105.1/GCA_014872105.1_genomic.fna,2756690,
GCA_014872075.1,ok,/fh/fast/hill_g/Albert/Collaboration-Microbiome/blast_results/Akkermansia_muciniphila/GCA_014872075.1/GCA_014872075.1_genomic.fna,2731141,
GCA_008423385.1,ok,/fh/fast/hill_g/Albert/Collaboration-Microbiome/blast_results/Akkermansia_muciniphila/GCA_008423385.1/GCA_008423385.1_genomic.fna,2798869,
GCA_014871935.1,ok,/fh/fast/hill_g/Albert/Collaboration-Microbiome/blast_results/Akkermansia_muciniphila/GCA_014871935.1/GCA_014871935.1_genomic.fna,2562501,
GCA_017570525.1,ok,/fh/fast/hill_g/Albert/Collaboration-Microbiome/blast_results/Akkermansia_muciniphila/GCA_017570525.1/GCA_017570525.1_genomic.fna,2879688,
GCA_014872165.1,ok,/fh/fast/hill_g/Albert/Collaboration-Microbiome/blast_results/Akkermansia_muciniphila/GCA_014872165.1/GCA_014872165.1_genomic.fna,3069452,
GCA_017570425.1,ok,/fh/fast/hill_g/Albert/Collaboration-Microbiome/blast_results/Akkermansia_muciniphila/GCA_017570425.1/GCA_017570425.1_genomic.fna,2879691,
GCA_018140615.1,ok,/fh/fast/hill_g/Albert/Collaboration-Microbiome/blast_results/Akkermansia_muciniphila/GCA_018140615.1/GCA_018140615.1_genomic.fna,2697441,
GCA_018709725.1,ok,/fh/fast/hill_g/Albert/Collaboration-Microbiome/blast_results/Akkermansia_muciniphila/GCA_018709725.1/GCA_018709725.1_genomic.fna,3194126,
GCA_017570485.1,ok,/fh/fast/hill_g/Albert/Collaboration-Microbiome/blast_results/Akkermansia_muciniphila/GCA_017570485.1/GCA_017570485.1_genomic.fna,2879668,
GCA_018709665.1,ok,/fh/fast/hill_g/Albert/Collaboration-Microbiome/blast_results/Akkermansia_muciniphila/GCA_018709665.1/GCA_018709665.1_genomic.fna,2986255,
GCA_018372795.1,ok,/fh/fast/hill_g/Albert/Collaboration-Microbiome/blast_results/Akkermansia_muciniphila/GCA_018372795.1/GCA_018372795.1_genomic.fna,2777260,
GCA_018375855.1,ok,/fh/fast/hill_g/Albert/Collaboration-Microbiome/blast_results/Akkermansia_muciniphila/GCA_018375855.1/GCA_018375855.1_genomic.fna,2936319,
GCA_018709805.1,ok,/fh/fast/hill_g/Albert/Collaboration-Microbiome/blast_results/Akkermansia_muciniphila/GCA_018709805.1/GCA_018709805.1_genomic.fna,3039915,
GCA_017570505.1,ok,/fh/fast/hill_g/Albert/Collaboration-Microbiome/blast_results/Akkermansia_muciniphila/GCA_017570505.1/GCA_017570505.1_genomic.fna,2879694,
GCA_014872125.1,ok,/fh/fast/hill_g/Albert/Collaboration-Microbiome/blast_results/Akkermansia_muciniphila/GCA_014872125.1/GCA_014872125.1_genomic.fna,2792371,
GCA_014170075.1,ok,/fh/fast/hill_g/Albert/Collaboration-Microbiome/blast_results/Akkermansia_muciniphila/GCA_014170075.1/GCA_014170075.1_genomic.fna,3042557,
GCA_018709865.1,ok,/fh/fast/hill_g/Albert/Collaboration-Microbiome/blast_results/Akkermansia_muciniphila/GCA_018709865.1/GCA_018709865.1_genomic.fna,2911908,
GCA_018709785.1,ok,/fh/fast/hill_g/Albert/Collaboration-Microbiome/blast_results/Akkermansia_muciniphila/GCA_018709785.1/GCA_018709785.1_genomic.fna,2874032,
GCA_018709675.1,ok,/fh/fast/hill_g/Albert/Collaboration-Microbiome/blast_results/Akkermansia_muciniphila/GCA_018709675.1/GCA_018709675.1_genomic.fna,3045729,
GCA_018709765.1,ok,/fh/fast/hill_g/Albert/Collaboration-Microbiome/blast_results/Akkermansia_muciniphila/GCA_018709765.1/GCA_018709765.1_genomic.fna,3071704,
GCA_018779665.1,ok,/fh/fast/hill_g/Albert/Collaboration-Microbiome/blast_results/Akkermansia_muciniphila/GCA_018779665.1/GCA_018779665.1_genomic.fna,3335073,
GCA_018779675.1,ok,/fh/fast/hill_g/Albert/Collaboration-Microbiome/blast_results/Akkermansia_muciniphila/GCA_018779675.1/GCA_018779675.1_genomic.fna,2869795,
GCA_018709815.1,ok,/fh/fast/hill_g/Albert/Collaboration-Microbiome/blast_results/Akkermansia_muciniphila/GCA_018709815.1/GCA_018709815.1_genomic.fna,2846054,
GCA_018779715.1,ok,/fh/fast/hill_g/Albert/Collaboration-Microbiome/blast_results/Akkermansia_muciniphila/GCA_018779715.1/GCA_018779715.1_genomic.fna,3309532,
GCA_018779705.1,ok,/fh/fast/hill_g/Albert/Collaboration-Microbiome/blast_results/Akkermansia_muciniphila/GCA_018779705.1/GCA_018779705.1_genomic.fna,3282754,
GCA_018779745.1,ok,/fh/fast/hill_g/Albert/Collaboration-Microbiome/blast_results/Akkermansia_muciniphila/GCA_018779745.1/GCA_018779745.1_genomic.fna,3335677,
GCA_018847055.1,ok,/fh/fast/hill_g/Albert/Collaboration-Microbiome/blast_results/Akkermansia_muciniphila/GCA_018847055.1/GCA_018847055.1_genomic.fna,2796016,
GCA_018847035.1,ok,/fh/fast/hill_g/Albert/Collaboration-Microbiome/blast_results/Akkermansia_muciniphila/GCA_018847035.1/GCA_018847035.1_genomic.fna,3164980,
GCA_018709685.1,ok,/fh/fast/hill_g/Albert/Collaboration-Microbiome/blast_results/Akkermansia_muciniphila/GCA_018709685.1/GCA_018709685.1_genomic.fna,2901932,
GCA_018709825.1,ok,/fh/fast/hill_g/Albert/Collaboration-Microbiome/blast_results/Akkermansia_muciniphila/GCA_018709825.1/GCA_018709825.1_genomic.fna,3198552,
GCA_018847095.1,ok,/fh/fast/hill_g/Albert/Collaboration-Microbiome/blast_results/Akkermansia_muciniphila/GCA_018847095.1/GCA_018847095.1_genomic.fna,3158661,
GCA_018779765.1,ok,/fh/fast/hill_g/Albert/Collaboration-Microbiome/blast_results/Akkermansia_muciniphila/GCA_018779765.1/GCA_018779765.1_genomic.fna,3037789,
GCA_018847075.1,ok,/fh/fast/hill_g/Albert/Collaboration-Microbiome/blast_results/Akkermansia_muciniphila/GCA_018847075.1/GCA_018847075.1_genomic.fna,3158644,
GCA_018847195.1,ok,/fh/fast/hill_g/Albert/Collaboration-Microbiome/blast_results/Akkermansia_muciniphila/GCA_018847195.1/GCA_018847195.1_genomic.fna,3351157,
GCA_018847175.1,ok,/fh/fast/hill_g/Albert/Collaboration-Microbiome/blast_results/Akkermansia_muciniphila/GCA_018847175.1/GCA_018847175.1_genomic.fna,2838414,
GCA_018846995.1,ok,/fh/fast/hill_g/Albert/Collaboration-Microbiome/blast_results/Akkermansia_muciniphila/GCA_018846995.1/GCA_018846995.1_genomic.fna,3202673,
GCA_018847015.1,ok,/fh/fast/hill_g/Albert/Collaboration-Microbiome/blast_results/Akkermansia_muciniphila/GCA_018847015.1/GCA_018847015.1_genomic.fna,3214381,
GCA_018709735.1,ok,/fh/fast/hill_g/Albert/Collaboration-Microbiome/blast_results/Akkermansia_muciniphila/GCA_018709735.1/GCA_018709735.1_genomic.fna,3134156,
GCA_018847335.1,ok,/fh/fast/hill_g/Albert/Collaboration-Microbiome/blast_results/Akkermansia_muciniphila/GCA_018847335.1/GCA_018847335.1_genomic.fna,3040307,
GCA_018847375.1,ok,/fh/fast/hill_g/Albert/Collaboration-Microbiome/blast_results/Akkermansia_muciniphila/GCA_018847375.1/GCA_018847375.1_genomic.fna,3087273,
GCA_018847275.1,ok,/fh/fast/hill_g/Albert/Collaboration-Microbiome/blast_results/Akkermansia_muciniphila/GCA_018847275.1/GCA_018847275.1_genomic.fna,3040332,
GCA_018847235.1,ok,/fh/fast/hill_g/Albert/Collaboration-Microbiome/blast_results/Akkermansia_muciniphila/GCA_018847235.1/GCA_018847235.1_genomic.fna,2758437,
GCA_018847215.1,ok,/fh/fast/hill_g/Albert/Collaboration-Microbiome/blast_results/Akkermansia_muciniphila/GCA_018847215.1/GCA_018847215.1_genomic.fna,2979020,
GCA_018847395.1,ok,/fh/fast/hill_g/Albert/Collaboration-Microbiome/blast_results/Akkermansia_muciniphila/GCA_018847395.1/GCA_018847395.1_genomic.fna,3002618,
GCA_018847475.1,ok,/fh/fast/hill_g/Albert/Collaboration-Microbiome/blast_results/Akkermansia_muciniphila/GCA_018847475.1/GCA_018847475.1_genomic.fna,2838809,
GCA_018847255.1,ok,/fh/fast/hill_g/Albert/Collaboration-Microbiome/blast_results/Akkermansia_muciniphila/GCA_018847255.1/GCA_018847255.1_genomic.fna,3040354,
GCA_018847415.1,ok,/fh/fast/hill_g/Albert/Collaboration-Microbiome/blast_results/Akkermansia_muciniphila/GCA_018847415.1/GCA_018847415.1_genomic.fna,3158647,
GCA_018847355.1,ok,/fh/fast/hill_g/Albert/Collaboration-Microbiome/blast_results/Akkermansia_muciniphila/GCA_018847355.1/GCA_018847355.1_genomic.fna,3014982,
GCA_018847155.1,ok,/fh/fast/hill_g/Albert/Collaboration-Microbiome/blast_results/Akkermansia_muciniphila/GCA_018847155.1/GCA_018847155.1_genomic.fna,2838455,
GCA_018847295.1,ok,/fh/fast/hill_g/Albert/Collaboration-Microbiome/blast_results/Akkermansia_muciniphila/GCA_018847295.1/GCA_018847295.1_genomic.fna,3028300,
GCA_018847315.1,ok,/fh/fast/hill_g/Albert/Collaboration-Microbiome/blast_results/Akkermansia_muciniphila/GCA_018847315.1/GCA_018847315.1_genomic.fna,3040298,
GCA_018847135.1,ok,/fh/fast/hill_g/Albert/Collaboration-Microbiome/blast_results/Akkermansia_muciniphila/GCA_018847135.1/GCA_018847135.1_genomic.fna,3158680,
GCA_018847115.1,ok,/fh/fast/hill_g/Albert/Collaboration-Microbiome/blast_results/Akkermansia_muciniphila/GCA_018847115.1/GCA_018847115.1_genomic.fna,2838457,
GCA_018847455.1,ok,/fh/fast/hill_g/Albert/Collaboration-Microbiome/blast_results/Akkermansia_muciniphila/GCA_018847455.1/GCA_018847455.1_genomic.fna,2833484,
GCA_018847495.1,ok,/fh/fast/hill_g/Albert/Collaboration-Microbiome/blast_results/Akkermansia_muciniphila/GCA_018847495.1/GCA_018847495.1_genomic.fna,2838802,
GCA_018847575.1,ok,/fh/fast/hill_g/Albert/Collaboration-Microbiome/blast_results/Akkermansia_muciniphila/GCA_018847575.1/GCA_018847575.1_genomic.fna,2758460,
GCA_018847535.1,ok,/fh/fast/hill_g/Albert/Collaboration-Microbiome/blast_results/Akkermansia_muciniphila/GCA_018847535.1/GCA_018847535.1_genomic.fna,3002608,
GCA_018847795.1,ok,/fh/fast/hill_g/Albert/Collaboration-Microbiome/blast_results/Akkermansia_muciniphila/GCA_018847795.1/GCA_018847795.1_genomic.fna,2697376,
GCA_018847895.1,ok,/fh/fast/hill_g/Albert/Collaboration-Microbiome/blast_results/Akkermansia_muciniphila/GCA_018847895.1/GCA_018847895.1_genomic.fna,3253139,
GCA_018847615.1,ok,/fh/fast/hill_g/Albert/Collaboration-Microbiome/blast_results/Akkermansia_muciniphila/GCA_018847615.1/GCA_018847615.1_genomic.fna,3248944,
GCA_018847755.1,ok,/fh/fast/hill_g/Albert/Collaboration-Microbiome/blast_results/Akkermansia_muciniphila/GCA_018847755.1/GCA_018847755.1_genomic.fna,3248914,
GCA_018847515.1,ok,/fh/fast/hill_g/Albert/Collaboration-Microbiome/blast_results/Akkermansia_muciniphila/GCA_018847515.1/GCA_018847515.1_genomic.fna,2838790,
GCA_018847435.1,ok,/fh/fast/hill_g/Albert/Collaboration-Microbiome/blast_results/Akkermansia_muciniphila/GCA_018847435.1/GCA_018847435.1_genomic.fna,2833218,
GCA_018847555.1,ok,/fh/fast/hill_g/Albert/Collaboration-Microbiome/blast_results/Akkermansia_muciniphila/GCA_018847555.1/GCA_018847555.1_genomic.fna,3122479,
GCA_018847695.1,ok,/fh/fast/hill_g/Albert/Collaboration-Microbiome/blast_results/Akkermansia_muciniphila/GCA_018847695.1/GCA_018847695.1_genomic.fna,3214388,
GCA_018847935.1,ok,/fh/fast/hill_g/Albert/Collaboration-Microbiome/blast_results/Akkermansia_muciniphila/GCA_018847935.1/GCA_018847935.1_genomic.fna,2789565,
GCA_021623225.1,ok,/fh/fast/hill_g/Albert/Collaboration-Microbiome/blast_results/Akkermansia_muciniphila/GCA_021623225.1/GCA_021623225.1_genomic.fna,2480598,
GCA_019132835.1,ok,/fh/fast/hill_g/Albert/Collaboration-Microbiome/blast_results/Akkermansia_muciniphila/GCA_019132835.1/GCA_019132835.1_genomic.fna,3017083,
GCA_021617195.1,ok,/fh/fast/hill_g/Albert/Collaboration-Microbiome/blast_results/Akkermansia_muciniphila/GCA_021617195.1/GCA_021617195.1_genomic.fna,2751173,
GCA_022719535.1,ok,/fh/fast/hill_g/Albert/Collaboration-Microbiome/blast_results/Akkermansia_muciniphila/GCA_022719535.1/GCA_022719535.1_genomic.fna,2800676,
GCA_021640505.1,ok,/fh/fast/hill_g/Albert/Collaboration-Microbiome/blast_results/Akkermansia_muciniphila/GCA_021640505.1/GCA_021640505.1_genomic.fna,2822574,
GCA_018847595.1,ok,/fh/fast/hill_g/Albert/Collaboration-Microbiome/blast_results/Akkermansia_muciniphila/GCA_018847595.1/GCA_018847595.1_genomic.fna,2823919,
GCA_022715355.1,ok,/fh/fast/hill_g/Albert/Collaboration-Microbiome/blast_results/Akkermansia_muciniphila/GCA_022715355.1/GCA_022715355.1_genomic.fna,2935288,
GCA_021637505.1,ok,/fh/fast/hill_g/Albert/Collaboration-Microbiome/blast_results/Akkermansia_muciniphila/GCA_021637505.1/GCA_021637505.1_genomic.fna,2812194,
GCA_022135785.1,ok,/fh/fast/hill_g/Albert/Collaboration-Microbiome/blast_results/Akkermansia_muciniphila/GCA_022135785.1/GCA_022135785.1_genomic.fna,3004326,
GCA_021617495.1,ok,/fh/fast/hill_g/Albert/Collaboration-Microbiome/blast_results/Akkermansia_muciniphila/GCA_021617495.1/GCA_021617495.1_genomic.fna,2679310,
GCA_022739375.1,ok,/fh/fast/hill_g/Albert/Collaboration-Microbiome/blast_results/Akkermansia_muciniphila/GCA_022739375.1/GCA_022739375.1_genomic.fna,2801125,
GCA_022133405.1,ok,/fh/fast/hill_g/Albert/Collaboration-Microbiome/blast_results/Akkermansia_muciniphila/GCA_022133405.1/GCA_022133405.1_genomic.fna,2760399,
GCA_022740995.1,ok,/fh/fast/hill_g/Albert/Collaboration-Microbiome/blast_results/Akkermansia_muciniphila/GCA_022740995.1/GCA_022740995.1_genomic.fna,2848165,
GCA_022723935.1,ok,/fh/fast/hill_g/Albert/Collaboration-Microbiome/blast_results/Akkermansia_muciniphila/GCA_022723935.1/GCA_022723935.1_genomic.fna,2788248,
GCA_022739675.1,ok,/fh/fast/hill_g/Albert/Collaboration-Microbiome/blast_results/Akkermansia_muciniphila/GCA_022739675.1/GCA_022739675.1_genomic.fna,3092167,
GCA_022715045.1,ok,/fh/fast/hill_g/Albert/Collaboration-Microbiome/blast_results/Akkermansia_muciniphila/GCA_022715045.1/GCA_022715045.1_genomic.fna,2927360,
GCA_021642055.1,ok,/fh/fast/hill_g/Albert/Collaboration-Microbiome/blast_results/Akkermansia_muciniphila/GCA_021642055.1/GCA_021642055.1_genomic.fna,2798568,
GCA_022745825.1,ok,/fh/fast/hill_g/Albert/Collaboration-Microbiome/blast_results/Akkermansia_muciniphila/GCA_022745825.1/GCA_022745825.1_genomic.fna,3181438,
GCA_023516625.1,ok,/fh/fast/hill_g/Albert/Collaboration-Microbiome/blast_results/Akkermansia_muciniphila/GCA_023516625.1/GCA_023516625.1_genomic.fna,2827459,
GCA_022731035.1,ok,/fh/fast/hill_g/Albert/Collaboration-Microbiome/blast_results/Akkermansia_muciniphila/GCA_022731035.1/GCA_022731035.1_genomic.fna,2933741,
GCA_023516655.1,ok,/fh/fast/hill_g/Albert/Collaboration-Microbiome/blast_results/Akkermansia_muciniphila/GCA_023516655.1/GCA_023516655.1_genomic.fna,2770017,
GCA_022744055.1,ok,/fh/fast/hill_g/Albert/Collaboration-Microbiome/blast_results/Akkermansia_muciniphila/GCA_022744055.1/GCA_022744055.1_genomic.fna,2931983,
GCA_022724555.1,ok,/fh/fast/hill_g/Albert/Collaboration-Microbiome/blast_results/Akkermansia_muciniphila/GCA_022724555.1/GCA_022724555.1_genomic.fna,2927932,
GCA_024086545.1,ok,/fh/fast/hill_g/Albert/Collaboration-Microbiome/blast_results/Akkermansia_muciniphila/GCA_024086545.1/GCA_024086545.1_genomic.fna,2822594,
GCA_022744545.1,ok,/fh/fast/hill_g/Albert/Collaboration-Microbiome/blast_results/Akkermansia_muciniphila/GCA_022744545.1/GCA_022744545.1_genomic.fna,2735440,
GCA_022713305.1,ok,/fh/fast/hill_g/Albert/Collaboration-Microbiome/blast_results/Akkermansia_muciniphila/GCA_022713305.1/GCA_022713305.1_genomic.fna,2884816,
GCA_022746545.1,ok,/fh/fast/hill_g/Albert/Collaboration-Microbiome/blast_results/Akkermansia_muciniphila/GCA_022746545.1/GCA_022746545.1_genomic.fna,3007074,
GCA_024086675.1,ok,/fh/fast/hill_g/Albert/Collaboration-Microbiome/blast_results/Akkermansia_muciniphila/GCA_024086675.1/GCA_024086675.1_genomic.fna,2705311,
GCA_022727195.1,ok,/fh/fast/hill_g/Albert/Collaboration-Microbiome/blast_results/Akkermansia_muciniphila/GCA_022727195.1/GCA_022727195.1_genomic.fna,2936803,
GCA_024172835.1,ok,/fh/fast/hill_g/Albert/Collaboration-Microbiome/blast_results/Akkermansia_muciniphila/GCA_024172835.1/GCA_024172835.1_genomic.fna,2829141,
GCA_022715955.1,ok,/fh/fast/hill_g/Albert/Collaboration-Microbiome/blast_results/Akkermansia_muciniphila/GCA_022715955.1/GCA_022715955.1_genomic.fna,2813930,
GCA_025543035.1,ok,/fh/fast/hill_g/Albert/Collaboration-Microbiome/blast_results/Akkermansia_muciniphila/GCA_025543035.1/GCA_025543035.1_genomic.fna,2874189,
GCA_024172975.1,ok,/fh/fast/hill_g/Albert/Collaboration-Microbiome/blast_results/Akkermansia_muciniphila/GCA_024172975.1/GCA_024172975.1_genomic.fna,2957633,
GCA_024086755.1,ok,/fh/fast/hill_g/Albert/Collaboration-Microbiome/blast_results/Akkermansia_muciniphila/GCA_024086755.1/GCA_024086755.1_genomic.fna,2668489,
GCA_024462135.1,ok,/fh/fast/hill_g/Albert/Collaboration-Microbiome/blast_results/Akkermansia_muciniphila/GCA_024462135.1/GCA_024462135.1_genomic.fna,3109250,
GCA_023516695.1,ok,/fh/fast/hill_g/Albert/Collaboration-Microbiome/blast_results/Akkermansia_muciniphila/GCA_023516695.1/GCA_023516695.1_genomic.fna,2844804,
GCA_024086775.1,ok,/fh/fast/hill_g/Albert/Collaboration-Microbiome/blast_results/Akkermansia_muciniphila/GCA_024086775.1/GCA_024086775.1_genomic.fna,2686231,
GCA_025993435.1,ok,/fh/fast/hill_g/Albert/Collaboration-Microbiome/blast_results/Akkermansia_muciniphila/GCA_025993435.1/GCA_025993435.1_genomic.fna,3001703,
GCA_023516675.1,ok,/fh/fast/hill_g/Albert/Collaboration-Microbiome/blast_results/Akkermansia_muciniphila/GCA_023516675.1/GCA_023516675.1_genomic.fna,2823731,
GCA_030841405.1,ok,/fh/fast/hill_g/Albert/Collaboration-Microbiome/blast_results/Akkermansia_muciniphila/GCA_030841405.1/GCA_030841405.1_genomic.fna,1343320,
GCA_030268425.1,ok,/fh/fast/hill_g/Albert/Collaboration-Microbiome/blast_results/Akkermansia_muciniphila/GCA_030268425.1/GCA_030268425.1_genomic.fna,2803892,
GCA_022835435.1,ok,/fh/fast/hill_g/Albert/Collaboration-Microbiome/blast_results/Akkermansia_muciniphila/GCA_022835435.1/GCA_022835435.1_genomic.fna,3257572,
GCA_022835455.1,ok,/fh/fast/hill_g/Albert/Collaboration-Microbiome/blast_results/Akkermansia_muciniphila/GCA_022835455.1/GCA_022835455.1_genomic.fna,3270388,
GCA_028743255.1,ok,/fh/fast/hill_g/Albert/Collaboration-Microbiome/blast_results/Akkermansia_muciniphila/GCA_028743255.1/GCA_028743255.1_genomic.fna,2887210,
GCA_030824735.1,ok,/fh/fast/hill_g/Albert/Collaboration-Microbiome/blast_results/Akkermansia_muciniphila/GCA_030824735.1/GCA_030824735.1_genomic.fna,3142801,
GCA_030842265.1,ok,/fh/fast/hill_g/Albert/Collaboration-Microbiome/blast_results/Akkermansia_muciniphila/GCA_030842265.1/GCA_030842265.1_genomic.fna,2762754,
GCA_030841705.1,ok,/fh/fast/hill_g/Albert/Collaboration-Microbiome/blast_results/Akkermansia_muciniphila/GCA_030841705.1/GCA_030841705.1_genomic.fna,3110431,
GCA_027694835.1,ok,/fh/fast/hill_g/Albert/Collaboration-Microbiome/blast_results/Akkermansia_muciniphila/GCA_027694835.1/GCA_027694835.1_genomic.fna,2767628,
GCA_030843725.1,ok,/fh/fast/hill_g/Albert/Collaboration-Microbiome/blast_results/Akkermansia_muciniphila/GCA_030843725.1/GCA_030843725.1_genomic.fna,2797072,
GCA_030268525.1,ok,/fh/fast/hill_g/Albert/Collaboration-Microbiome/blast_results/Akkermansia_muciniphila/GCA_030268525.1/GCA_030268525.1_genomic.fna,2943430,
GCA_028994115.1,ok,/fh/fast/hill_g/Albert/Collaboration-Microbiome/blast_results/Akkermansia_muciniphila/GCA_028994115.1/GCA_028994115.1_genomic.fna,2697490,
GCA_024086795.1,ok,/fh/fast/hill_g/Albert/Collaboration-Microbiome/blast_results/Akkermansia_muciniphila/GCA_024086795.1/GCA_024086795.1_genomic.fna,2737016,
GCA_030843105.1,ok,/fh/fast/hill_g/Albert/Collaboration-Microbiome/blast_results/Akkermansia_muciniphila/GCA_030843105.1/GCA_030843105.1_genomic.fna,2814316,
GCA_037243875.1,ok,/fh/fast/hill_g/Albert/Collaboration-Microbiome/blast_results/Akkermansia_muciniphila/GCA_037243875.1/GCA_037243875.1_genomic.fna,2698831,
GCA_033947545.1,ok,/fh/fast/hill_g/Albert/Collaboration-Microbiome/blast_results/Akkermansia_muciniphila/GCA_033947545.1/GCA_033947545.1_genomic.fna,2859320,
GCA_036550865.1,ok,/fh/fast/hill_g/Albert/Collaboration-Microbiome/blast_results/Akkermansia_muciniphila/GCA_036550865.1/GCA_036550865.1_genomic.fna,2749870,
GCA_032144195.1,ok,/fh/fast/hill_g/Albert/Collaboration-Microbiome/blast_results/Akkermansia_muciniphila/GCA_032144195.1/GCA_032144195.1_genomic.fna,2904579,
GCA_037325905.1,ok,/fh/fast/hill_g/Albert/Collaboration-Microbiome/blast_results/Akkermansia_muciniphila/GCA_037325905.1/GCA_037325905.1_genomic.fna,2666762,
GCA_030844765.1,ok,/fh/fast/hill_g/Albert/Collaboration-Microbiome/blast_results/Akkermansia_muciniphila/GCA_030844765.1/GCA_030844765.1_genomic.fna,2848939,
GCA_036552825.1,ok,/fh/fast/hill_g/Albert/Collaboration-Microbiome/blast_results/Akkermansia_muciniphila/GCA_036552825.1/GCA_036552825.1_genomic.fna,2700473,
GCA_037373585.1,ok,/fh/fast/hill_g/Albert/Collaboration-Microbiome/blast_results/Akkermansia_muciniphila/GCA_037373585.1/GCA_037373585.1_genomic.fna,2580616,
GCA_033170235.1,ok,/fh/fast/hill_g/Albert/Collaboration-Microbiome/blast_results/Akkermansia_muciniphila/GCA_033170235.1/GCA_033170235.1_genomic.fna,2697492,
GCA_037363785.1,ok,/fh/fast/hill_g/Albert/Collaboration-Microbiome/blast_results/Akkermansia_muciniphila/GCA_037363785.1/GCA_037363785.1_genomic.fna,2455791,
GCA_037437465.1,ok,/fh/fast/hill_g/Albert/Collaboration-Microbiome/blast_results/Akkermansia_muciniphila/GCA_037437465.1/GCA_037437465.1_genomic.fna,2729974,
GCA_037454975.1,ok,/fh/fast/hill_g/Albert/Collaboration-Microbiome/blast_results/Akkermansia_muciniphila/GCA_037454975.1/GCA_037454975.1_genomic.fna,2701816,
GCA_037246935.1,ok,/fh/fast/hill_g/Albert/Collaboration-Microbiome/blast_results/Akkermansia_muciniphila/GCA_037246935.1/GCA_037246935.1_genomic.fna,2711328,
GCA_037237205.1,ok,/fh/fast/hill_g/Albert/Collaboration-Microbiome/blast_results/Akkermansia_muciniphila/GCA_037237205.1/GCA_037237205.1_genomic.fna,2865027,
GCA_040092625.1,ok,/fh/fast/hill_g/Albert/Collaboration-Microbiome/blast_results/Akkermansia_muciniphila/GCA_040092625.1/GCA_040092625.1_genomic.fna,2895418,
GCA_039066465.1,ok,/fh/fast/hill_g/Albert/Collaboration-Microbiome/blast_results/Akkermansia_muciniphila/GCA_039066465.1/GCA_039066465.1_genomic.fna,2939115,
GCA_039066375.1,ok,/fh/fast/hill_g/Albert/Collaboration-Microbiome/blast_results/Akkermansia_muciniphila/GCA_039066375.1/GCA_039066375.1_genomic.fna,2938571,
GCA_037427305.1,ok,/fh/fast/hill_g/Albert/Collaboration-Microbiome/blast_results/Akkermansia_muciniphila/GCA_037427305.1/GCA_037427305.1_genomic.fna,2841037,
GCA_041331015.1,ok,/fh/fast/hill_g/Albert/Collaboration-Microbiome/blast_results/Akkermansia_muciniphila/GCA_041331015.1/GCA_041331015.1_genomic.fna,2933876,
GCA_025993285.1,ok,/fh/fast/hill_g/Albert/Collaboration-Microbiome/blast_results/Akkermansia_muciniphila/GCA_025993285.1/GCA_025993285.1_genomic.fna,2812586,
GCA_040361715.1,ok,/fh/fast/hill_g/Albert/Collaboration-Microbiome/blast_results/Akkermansia_muciniphila/GCA_040361715.1/GCA_040361715.1_genomic.fna,2926352,
GCA_041324195.1,ok,/fh/fast/hill_g/Albert/Collaboration-Microbiome/blast_results/Akkermansia_muciniphila/GCA_041324195.1/GCA_041324195.1_genomic.fna,2899005,
GCA_041358035.1,ok,/fh/fast/hill_g/Albert/Collaboration-Microbiome/blast_results/Akkermansia_muciniphila/GCA_041358035.1/GCA_041358035.1_genomic.fna,3089747,
GCA_037071665.1,ok,/fh/fast/hill_g/Albert/Collaboration-Microbiome/blast_results/Akkermansia_muciniphila/GCA_037071665.1/GCA_037071665.1_genomic.fna,2822260,
GCA_041537825.1,ok,/fh/fast/hill_g/Albert/Collaboration-Microbiome/blast_results/Akkermansia_muciniphila/GCA_041537825.1/GCA_041537825.1_genomic.fna,2811655,
GCA_041477025.1,ok,/fh/fast/hill_g/Albert/Collaboration-Microbiome/blast_results/Akkermansia_muciniphila/GCA_041477025.1/GCA_041477025.1_genomic.fna,2798679,
GCA_037425625.1,ok,/fh/fast/hill_g/Albert/Collaboration-Microbiome/blast_results/Akkermansia_muciniphila/GCA_037425625.1/GCA_037425625.1_genomic.fna,2775082,
GCA_041358055.1,ok,/fh/fast/hill_g/Albert/Collaboration-Microbiome/blast_results/Akkermansia_muciniphila/GCA_041358055.1/GCA_041358055.1_genomic.fna,3232603,
GCA_039066425.1,ok,/fh/fast/hill_g/Albert/Collaboration-Microbiome/blast_results/Akkermansia_muciniphila/GCA_039066425.1/GCA_039066425.1_genomic.fna,2936714,
GCA_041358075.1,ok,/fh/fast/hill_g/Albert/Collaboration-Microbiome/blast_results/Akkermansia_muciniphila/GCA_041358075.1/GCA_041358075.1_genomic.fna,3243430,
GCF_000436395.1,ok,/fh/fast/hill_g/Albert/Collaboration-Microbiome/blast_results/Akkermansia_muciniphila/GCF_000436395.1/GCF_000436395.1_genomic.fna,2762210,
GCA_039066385.1,ok,/fh/fast/hill_g/Albert/Collaboration-Microbiome/blast_results/Akkermansia_muciniphila/GCA_039066385.1/GCA_039066385.1_genomic.fna,2939378,
GCA_037071645.1,ok,/fh/fast/hill_g/Albert/Collaboration-Microbiome/blast_results/Akkermansia_muciniphila/GCA_037071645.1/GCA_037071645.1_genomic.fna,3105978,
GCA_041358115.1,ok,/fh/fast/hill_g/Albert/Collaboration-Microbiome/blast_results/Akkermansia_muciniphila/GCA_041358115.1/GCA_041358115.1_genomic.fna,3191611,
GCA_037241685.1,ok,/fh/fast/hill_g/Albert/Collaboration-Microbiome/blast_results/Akkermansia_muciniphila/GCA_037241685.1/GCA_037241685.1_genomic.fna,2639694,
